licence,postcode
4CE47B,SN15 3PG
0B3548,SN15 3PG
78E962,SN15 3PG
EA4B53,SN15 3PG
87C6E4,SN15 3PG
5820F3,SN15 3PG
496294,SN15 3PG
A46745,SN15 3PG
98B72A,SN15 3PG
63363F,SN15 3PG
162BB7,SN15 3PG
F72C5C,SN15 3PG
AD8CA4,SN15 3PG
2D61A8,SN15 3PG
8F1E38,SN15 3PG
DE6B44,SN15 3PG
8E58CF,SN15 3PG
D1C6AD,SN15 3PG
399AD7,SN15 3PG
BAD054,SN15 3PG
E17E78,SN15 3PG
AD3FD5,SN15 3PG
DA8B3E,SN15 3PG
992F6A,SN15 3PG
E34A64,SN15 3PG
9AE529,SN15 3PG
224DE6,SN15 3PG
D2F3AB,SN15 3PG
1C933D,SN15 3PG
823876,SN15 3PG
E73DB5,SN15 3PG
502311,SN15 3PG
668FD3,SN15 3PG
D0359B,SN15 3PG
DFA168,SN15 3PG
23D00F,SN15 3PG
38B6D1,SN15 3PG
346924,SN15 3PG
42361E,SN15 3PG
C590D5,SN15 3PG
1E5260,SN15 3PG
CE6182,SN15 3PG
DBD85B,SN15 3PG
A21467,SN15 3PG
7A0E85,SN15 3PG
C03290,SN15 3PG
4093A8,SN15 3PG
C71445,SN15 3PG
4145A1,SN15 3PG
A5740E,SN15 3PG
FF25F4,SN15 3PG
1C7782,SN15 3PG
F4C405,SN15 3PG
37A1F1,SN15 3PG
53670E,SN15 3PG
9C6920,SN15 3PG
A3F4F3,SN15 3PG
C94B78,SN15 3PG
318662,SN15 3PG
7F302E,SN15 3PG
574919,SN15 3PG
25DAA3,SN15 3PG
7DE637,SN15 3PG
C4C368,SN15 3PG
B7D90F,SN15 3PG
F7B16B,SN15 3PG
2CE0D7,SN15 3PG
67ADE1,SN15 3PG
7397A3,SN15 3PG
635504,SN15 3PG
39567A,SN15 3PG
624F30,SN15 3PG
B584D2,SN15 3PG
FC41C3,SN15 3PG
B65E40,SN15 3PG
45F72D,SN15 3PG
1F1F8A,SN15 3PG
A5D726,SN15 3PG
A12257,SN15 3PG
B1E9DC,SN15 3PG
B2D76E,SN15 3PG
34E8E3,SN15 3PG
AC117A,SN15 3PG
A1ED20,SN15 3PG
A6F8A9,SN15 3PG
CFF8D1,SN15 3PG
F825AF,SN15 3PG
C9B740,SN15 3PG
8F0934,SN15 3PG
6C3CD7,SN15 3PG
0A93FC,SN15 3PG
0CD966,SN15 3PG
2CE3E9,SN15 3PG
544153,SN15 3PG
9C81ED,SN15 3PG
7E4C13,SN15 3PG
33570D,SN15 3PG
8B77F5,SN15 3PG
875ABB,SN15 3PG
6E2E81,SN15 3PG
8FBF55,SN15 3PG
BD95E0,SN15 3PG
5E1B9F,SN15 3PG
A866DC,SN15 3PG
7D9022,SN15 3PG
DC5643,SN15 3PG
210276,SN15 3PG
7BBAEE,SN15 3PG
5A8DBF,SN15 3PG
FB33F1,SN15 3PG
785486,SN15 3PG
2B2EA6,SN15 3PG
350780,SN15 3PG
0EADBC,SN15 3PG
35AA6F,SN15 3PG
8B56A1,SN15 3PG
B56CF3,SN15 3PG
B7EF3E,SN15 3PG
5FCEF8,SN15 3PG
021CC6,SN15 3PG
16DD8F,SN15 3PG
DA0C67,SN15 3PG
731BAD,SN15 3PG
A25336,SN15 3PG
621549,SN15 3PG
2583FE,SN15 3PG
D4D4A0,SN15 3PG
AAC4FA,SN15 3PG
BE1ED3,SN15 3PG
99361D,SN15 3PG
6796FA,SN15 3PG
CA364D,SN15 3PG
B85D1B,SN15 3PG
7ABA69,SN15 3PG
663ACE,SN15 3PG
DD6A7E,SN15 3PG
956A4E,SN15 3PG
CBFFEA,SN15 3PG
EA3DD4,SN15 3PG
150B5F,SN15 3PG
AAE097,SN15 3PG
BC841E,SN15 3PG
833F8A,SN15 3PG
6B8B66,SN15 3PG
F5E730,SN15 3PG
0F32F0,SN15 3PG
F50810,SN15 3PG
B00BFF,SN15 3PG
47DF8A,SN15 3PG
47ED3F,SN15 3PG
E6B33C,SN15 3PG
B39C6E,SN15 3PG
74BAFD,SN15 3PG
5F3692,SN15 3PG
418384,SN15 3PG
D0852D,SN15 3PG
6F27A1,SN15 3PG
5809B5,SN15 3PG
41BFF7,SN15 3PG
42E83F,SN15 3PG
DE068F,SN15 3PG
DE097A,SN15 3PG
6E997C,SN15 3PG
AB3DF2,SN15 3PG
98A5DC,SN15 3PG
811EEC,SN15 3PG
3732B6,SN15 3PG
812270,SN15 3PG
454DF8,SN15 3PG
76BCF7,SN15 3PG
186431,SN15 3PG
999719,SN15 3PG
3E0CAC,SN15 3PG
CB64D7,SN15 3PG
D66898,SN15 3PG
F72068,SN15 3PG
6DECF1,SN15 3PG
7F4F67,SN15 3PG
A353C0,SN15 3PG
38A555,SN15 3PG
733C19,SN15 3PG
FB6C67,SN15 3PG
5FBC61,SN15 3PG
0EC4B6,SN15 3PG
86EC32,SN15 3PG
946F93,SN15 3PG
D71B56,SN15 3PG
3F8179,SN15 3PG
E62FE4,SN15 3PG
C5E783,SN15 3PG
0211DB,SN15 3PG
99776C,SN15 3PG
75C69D,SN15 3PG
F49461,SN15 3PG
21687D,SN15 3PG
36B63C,SN15 3PG
B90353,SN15 3PG
599FB4,SN15 3PG
61AAF5,SN15 3PG
9DBAB3,SN15 3PG
20A2D7,SN15 3PG
E287FB,SN15 3PG
9FE0C6,SN15 3PG
FDE844,SN15 3PG
7B7A90,SN15 3PG
4FEC16,SN15 3PG
C6DAF5,SN15 3PG
47839E,SN15 3PG
789622,SN15 3PG
EFBBE9,SN15 3PG
CF54E3,SN15 3PG
6F02AF,SN15 3PG
7DDD6C,SN15 3PG
F09C94,SN15 3PG
4D0DD4,SN15 3PG
3F215D,SN15 3PG
E1A062,SN15 3PG
608D14,SN15 3PG
8B0734,SN15 3PG
34FE97,SN15 3PG
2E7675,SN15 3PG
AA13EC,SN15 3PG
F5C7BC,SN15 3PG
1E75C6,SN15 3PG
4308C2,SN15 3PG
4E0BF9,SN15 3PG
677041,SN15 3PG
925912,SN15 3PG
93D737,SN15 3PG
E819F0,SN15 3PG
C639EA,SN15 3PG
B1AB5A,SN15 3PG
D1C3EB,SN15 3PG
65106B,SN15 3PG
43949B,SN15 3PG
1A15F9,SN15 3PG
A9358D,SN15 3PG
69F4CB,SN15 3PG
E3641A,SN15 3PG
F1F020,SN15 3PG
5F7DB0,SN15 3PG
3B536E,SN15 3PG
73D701,SN15 3PG
B4AFB5,SN15 3PG
310506,SN15 3PG
26E9BE,SN15 3PG
96F51A,SN15 3PG
8EEA5B,SN15 3PG
FC05AD,SN15 3PG
4B97DD,SN15 3PG
6FBCFE,SN15 3PG
848463,SN15 3PG
3F7C24,SN15 3PG
9EE522,SN15 3PG
923F4F,SN15 3PG
3D624F,SN15 3PG
6D10F9,SN15 3PG
BE1E15,SN15 3PG
B78177,SN15 3PG
B8B273,SN15 3PG
4AE953,SN15 3PG
381970,SN15 3PG
8BC052,SN15 3PG
0C1B1F,SN15 3PG
B38199,SN15 3PG
53696B,SN15 3PG
1E0DB6,SN15 3PG
9CE5D7,SN15 3PG
3D51DD,SN15 3PG
3A4D88,SN15 3PG
A64F60,SN15 3PG
09E557,SN15 3PG
2AED49,SN15 3PG
58B224,SN15 3PG
02D5A4,SN15 3PG
272496,SN15 3PG
213669,SN15 3PG
EB4F30,SN15 3PG
A755C6,SN15 3PG
176EEE,SN15 3PG
9E56EC,SN15 3PG
1A0E06,SN15 3PG
3F7CF3,SN15 3PG
3DD799,SN15 3PG
9F7502,SN15 3PG
2D43D9,SN15 3PG
BA0A77,SN15 3PG
EA68C2,SN15 3PG
D18DA6,SN15 3PG
D01291,SN15 3PG
25AAC4,SN15 3PG
7E5100,SN15 3PG
F27B51,SN15 3PG
78276B,SN15 3PG
31FF28,SN15 3PG
1210DE,SN15 3PG
E1C849,SN15 3PG
51E622,SN15 3PG
DF7A94,SN15 3PG
117928,SN15 3PG
3F0FA4,SN15 3PG
B28811,SN15 3PG
10D7D2,SN15 3PG
08028C,SN15 3PG
7CADBB,SN15 3PG
F625D3,SN15 3PG
A7EBA5,SN15 3PG
F82AF7,SN15 3PG
BC9187,SN15 3PG
592CBF,SN15 3PG
3D8916,SN15 3PG
BB597E,SN15 3PG
B31B1E,SN15 3PG
49058,SN15 3PG
369EA5,SN15 3PG
10E45B,SN15 3PG
69BA56,SN15 3PG
407848,SN15 3PG
AE5484,SN15 3PG
BFCCE1,SN15 3PG
759F69,SN15 3PG
D6E85E,SN15 3PG
53855B,SN15 3PG
EBDE9C,SN15 3PG
B26F74,SN15 3PG
8F690C,SN15 3PG
E1AB52,SN15 3PG
1BB917,SN15 3PG
8D2006,SN15 3PG
31C07D,SN15 3PG
66C9E9,SN15 3PG
29C3B5,SN15 3PG
1801CD,SN15 3PG
FF575A,SN15 3PG
C6924D,SN15 3PG
EB3F37,SN15 3PG
362073,SN15 3PG
4C2F1E,SN15 3PG
C77D3C,SN15 3PG
BB060C,SN15 3PG
797959,SN15 3PG
65F051,SN15 3PG
DA2C41,SN15 3PG
20609E,SN15 3PG
F6F7F2,SN15 3PG
E422BB,SN15 3PG
77B33C,SN15 3PG
1BDCB7,SN15 3PG
ABE498,SN15 3PG
49D744,SN15 3PG
F28676,SN15 3PG
677248,SN15 3PG
6B11F6,SN15 3PG
FF1669,SN15 3PG
4A02D1,SN15 3PG
5A00F5,SN15 3PG
3EF960,SN15 3PG
4CAC38,SN15 3PG
C0DA7B,SN15 3PG
C9140A,SN15 3PG
174275,SN15 3PG
5B3A94,SN15 3PG
3B177F,SN15 3PG
938501,SN15 3PG
4A473D,SN15 3PG
BF9A41,SN15 3PG
A9E9B3,SN15 3PG
A69E93,SN15 3PG
B7D5D8,SN15 3PG
97CD23,SN15 3PG
F49121,SN15 3PG
1C7618,SN15 3PG
3F757E,SN15 3PG
5C62B7,SN15 3PG
B436E1,SN15 3PG
6C074D,SN15 3PG
CCBCCD,SN15 3PG
9A5219,SN15 3PG
7D1295,SN15 3PG
701F6F,SN15 3PG
69876,SN15 3PG
3296B5,SN15 3PG
8B0D81,SN15 3PG
2CA616,SN15 3PG
1BB93A,SN15 3PG
67BCE3,SN15 3PG
112C59,SN15 3PG
CED6D6,SN15 3PG
1442D0,SN15 3PG
CAA48C,SN15 3PG
B8F780,SN15 3PG
A98505,SN15 3PG
74D27E,SN15 3PG
268B3D,SN15 3PG
D4FA8E,SN15 3PG
28BA2E,SN15 3PG
93A828,SN15 3PG
98DC4B,SN15 3PG
B70FC5,SN15 3PG
04FF5C,SN15 3PG
381FE8,SN15 3PG
3A560E,SN15 3PG
B62CB2,SN15 3PG
D7346C,SN15 3PG
BA3809,SN15 3PG
54D6E1,SN15 3PG
BD8B14,SN15 3PG
9B9378,SN15 3PG
1AC7D5,SN15 3PG
1D3129,SN15 3PG
297EE9,SN15 3PG
34472B,SN15 3PG
347D10,SN15 3PG
416769,SN15 3PG
36670,SN15 3PG
F2F38E,SN15 3PG
4EE52D,SN15 3PG
9E9B62,SN15 3PG
812769,SN15 3PG
9369CC,SN15 3PG
247F44,SN15 3PG
F45272,SN15 3PG
FF9773,SN15 3PG
56C006,SN15 3PG
D21991,SN15 3PG
CCF439,SN15 3PG
CD9E67,SN15 3PG
0D44AB,SN15 3PG
1C0C5F,SN15 3PG
3A37A0,SN15 3PG
FE7B2E,SN15 3PG
AD554D,SN15 3PG
5C7043,SN15 3PG
F632A5,SN15 3PG
40FA2F,SN15 3PG
03E63D,SN15 3PG
F1B4C4,SN15 3PG
3593A9,SN15 3PG
0F3FBA,SN15 3PG
FD6AAA,SN15 3PG
907D76,SN15 3PG
8E1F45,SN15 3PG
87FAF0,SN15 3PG
3963A4,SN15 3PG
3D2229,SN15 3PG
0A4835,SN15 3PG
D4E1A1,SN15 3PG
941226,SN15 3PG
AA044E,SN15 3PG
014CE1,SN15 3PG
095DF1,SN15 3PG
FC7A03,SN15 3PG
CE74B0,SN15 3PG
0B004F,SN15 3PG
CDA7F0,SN15 3PG
C84A3C,SN15 3PG
C9CC1F,SN15 3PG
48F555,SN15 3PG
CA7860,SN15 3PG
A6B632,SN15 3PG
8696DE,SN15 3PG
3F7F87,SN15 3PG
2876BD,SN15 3PG
5CB7A0,SN15 3PG
A7225F,SN15 3PG
46B6FB,SN15 3PG
690E3C,SN15 3PG
EAD8C1,SN15 3PG
0E8B1E,SN15 3PG
7B703B,SN15 3PG
E9217C,SN15 3PG
3A10EA,SN15 3PG
31FDE1,SN15 3PG
ED7AF8,SN15 3PG
D2E847,SN15 3PG
04B970,SN15 3PG
4621BD,SN15 3PG
FAC130,SN15 3PG
7C565B,SN15 3PG
6BF054,SN15 3PG
351663,SN15 3PG
1BE474,SN15 3PG
C83BBF,SN15 3PG
758A6D,SN15 3PG
BD0977,SN15 3PG
55818F,SN15 3PG
C09C44,SN15 3PG
FCEEEB,SN15 3PG
7C3F4C,SN15 3PG
A7A1B4,SN15 3PG
31FEA9,SN15 3PG
B6B4C1,SN15 3PG
32882D,SN15 3PG
D819C1,SN15 3PG
EAE8CF,SN15 3PG
6DF23F,SN15 3PG
D87866,SN15 3PG
A9F716,SN15 3PG
66A221,SN15 3PG
3BBF77,SN15 3PG
0636BE,SN15 3PG
B30691,SN15 3PG
18D164,SN15 3PG
DC92CB,SN15 3PG
25C2E2,SN15 3PG
ADDEC9,SN15 3PG
5CFB3D,SN15 3PG
3E061B,SN15 3PG
DEE26F,SN15 3PG
4F4878,SN15 3PG
8D1704,SN15 3PG
B2D46C,SN15 3PG
96B5AD,SN15 3PG
9AAAAB,SN15 3PG
007A80,SN15 3PG
F574B0,SN15 3PG
898DE2,SN15 3PG
0A7ECF,SN15 3PG
DB7759,SN15 3PG
2E449D,SN15 3PG
236258,SN15 3PG
4410FA,SN15 3PG
79F0F6,SN15 3PG
B4799A,SN15 3PG
77B044,SN15 3PG
93DAA1,SN15 3PG
A4CC80,SN15 3PG
5CDE47,SN15 3PG
B5EC4A,SN15 3PG
89F42C,SN15 3PG
19D7AF,SN15 3PG
2D7ED0,SN15 3PG
B482D6,SN15 3PG
7CFE01,SN15 3PG
5C4929,SN15 3PG
59BDEE,SN15 3PG
597040,SN15 3PG
4D3194,SN15 3PG
3A5CF1,SN15 3PG
EE7AD7,SN15 3PG
3AB773,SN15 3PG
845400,SN15 3PG
BCD513,SN15 3PG
75A77A,SN15 3PG
837867,SN15 3PG
6B695D,SN15 3PG
B41E84,SN15 3PG
607AEF,SN15 3PG
B7C883,SN15 3PG
AEA7BF,SN15 3PG
27B07E,SN15 3PG
65850D,SN15 3PG
4E7A1F,SN15 3PG
808770,SN15 3PG
A73C00,SN15 3PG
962CEE,SN15 3PG
E4A321,SN15 3PG
148D08,SN15 3PG
B9CA0C,SN15 3PG
64483D,SN15 3PG
230687,SN15 3PG
ECA5E9,SN15 3PG
24363,SN15 3PG
3CB36E,SN15 3PG
E58F3A,SN15 3PG
3E7755,SN15 3PG
5ACE26,SN15 3PG
0C886F,SN15 3PG
FBE532,SN15 3PG
7C6297,SN15 3PG
963553,SN15 3PG
8432D4,SN15 3PG
57062C,SN15 3PG
6CEE79,SN15 3PG
B91B05,SN15 3PG
FDF894,SN15 3PG
2C6BFF,SN15 3PG
B65E20,SN15 3PG
1E3266,SN15 3PG
8A3848,SN15 3PG
FEBF2C,SN15 3PG
2381FF,SN15 3PG
52E02E,SN15 3PG
83B4BF,SN15 3PG
339528,SN15 3PG
D767F7,SN15 3PG
D6B895,SN15 3PG
671EB0,SN15 3PG
14B8A6,SN15 3PG
6B1337,SN15 3PG
8B8391,SN15 3PG
071CB9,SN15 3PG
24FE8A,SN15 3PG
0DD91A,SN15 3PG
DCD49D,SN15 3PG
C67F93,SN15 3PG
995813,SN15 3PG
E6CCAE,SN15 3PG
1C0057,SN15 3PG
E3FE48,SN15 3PG
E5CAE0,SN15 3PG
E7C883,SN15 3PG
6EB0CC,SN15 3PG
02FA24,SN15 3PG
E1AB8D,SN15 3PG
8631F2,SN15 3PG
25C9CD,SN15 3PG
99DA87,SN15 3PG
A99304,SN15 3PG
3423FC,SN15 3PG
8B3ABA,SN15 3PG
2AEAD2,SN15 3PG
C112A4,SN15 3PG
5B08C0,SN15 3PG
BF4001,SN15 3PG
9364F1,SN15 3PG
EF7FD4,SN15 3PG
D16C4D,SN15 3PG
4997D1,SN15 3PG
19F348,SN15 3PG
53F8E8,SN15 3PG
786C31,SN15 3PG
341DE4,SN15 3PG
3A205D,SN15 3PG
747457,SN15 3PG
27C839,SN15 3PG
25C60E,SN15 3PG
0D9F13,SN15 3PG
289E7A,SN15 3PG
955370,SN15 3PG
DFE041,SN15 3PG
CCE794,SN15 3PG
B9621E,SN15 3PG
247817,SN15 3PG
900167,SN15 3PG
333504,SN15 3PG
AA3095,SN15 3PG
779277,SN15 3PG
306EDD,SN15 3PG
62566E,SN15 3PG
51EEF0,SN15 3PG
EE4112,SN15 3PG
5A20C0,SN15 3PG
83FCC2,SN15 3PG
90C58D,SN15 3PG
AB91FC,SN15 3PG
DD421C,SN15 3PG
FF59A0,SN15 3PG
2CC720,SN15 3PG
12EC96,SN15 3PG
788AAC,SN15 3PG
14C03A,SN15 3PG
EC3C0A,SN15 3PG
C82BB2,SN15 3PG
FD2938,SN15 3PG
088CE3,SN15 3PG
D6DCF5,SN15 3PG
7D3917,SN15 3PG
09BAAF,SN15 3PG
09164E,SN15 3PG
D2E59C,SN15 3PG
32987D,SN15 3PG
7A7B47,SN15 3PG
70223C,SN15 3PG
CB9B54,SN15 3PG
C985D8,SN15 3PG
0BAA2F,SN15 3PG
365E3B,SN15 3PG
B2CCC7,SN15 3PG
7B5BCD,SN15 3PG
BCD9F1,SN15 3PG
7.85E+52,SN15 3PG
F929DF,SN15 3PG
80E453,SN15 3PG
86F585,SN15 3PG
14AE29,SN15 3PG
6B3923,SN15 3PG
BD95E3,SN15 3PG
0B44BC,SN15 3PG
53F34E,SN15 3PG
D3AAEB,SN15 3PG
B2262F,SN15 3PG
CB2A58,SN15 3PG
F1265B,SN15 3PG
ED5B59,SN15 3PG
17F0C4,SN15 3PG
0BFF1C,SN15 3PG
BF0D85,SN15 3PG
D1D53F,SN15 3PG
E39BB9,SN15 3PG
E4F819,SN15 3PG
6B0A12,SN15 3PG
AB8D23,SN15 3PG
CED466,SN15 3PG
E4F993,SN15 3PG
15C859,SN15 3PG
609BD3,SN15 3PG
2E8947,SN15 3PG
688998,SN15 3PG
995191,SN15 3PG
3DAA2A,SN15 3PG
A2C1B0,SN15 3PG
96B880,SN15 3PG
82A821,SN15 3PG
68F3A1,SN15 3PG
9400DF,SN15 3PG
2F6ED9,SN15 3PG
74180C,SN15 3PG
E00D2A,SN15 3PG
85AF64,SN15 3PG
EB1665,SN15 3PG
71E39F,SN15 3PG
8FE462,SN15 3PG
0AAD5C,SN15 3PG
03E6D6,SN15 3PG
D6DDEB,SN15 3PG
2F4093,SN15 3PG
9E44B1,SN15 3PG
40BEA0,SN15 3PG
BD1471,SN15 3PG
F8730B,SN15 3PG
8101FD,SN15 3PG
D3F024,SN15 3PG
FA68C2,SN15 3PG
08646C,SN15 3PG
62E23D,SN15 3PG
5E27E5,SN15 3PG
BA434E,SN15 3PG
B65C6D,SN15 3PG
D30915,SN15 3PG
FA6D28,SN15 3PG
6B16D8,SN15 3PG
C723FF,SN15 3PG
233847,SN15 3PG
BE1C8A,SN15 3PG
BFCE8A,SN15 3PG
F28033,SN15 3PG
787CE9,SN15 3PG
394AF9,SN15 3PG
3BC0A5,SN15 3PG
89CF0A,SN15 3PG
15EDD9,SN15 3PG
26B5CA,SN15 3PG
72B4E0,SN15 3PG
C6A20D,SN15 3PG
44E87B,SN15 3PG
43BE4A,SN15 3PG
484BF3,SN15 3PG
0D8C9A,SN15 3PG
0CEF73,SN15 3PG
93D795,SN15 3PG
04FE08,SN15 3PG
7014DA,SN15 3PG
8876C1,SN15 3PG
ADCD35,SN15 3PG
550396,SN15 3PG
C4BC93,SN15 3PG
86C8D2,SN15 3PG
F0FFA2,SN15 3PG
F018F3,SN15 3PG
D2017B,SN15 3PG
978B25,SN15 3PG
BF5444,SN15 3PG
C8FCA0,SN15 3PG
6E1CE4,SN15 3PG
E8517F,SN15 3PG
035CE4,SN15 3PG
EF88DA,SN15 3PG
039DBA,SN15 3PG
6CDFED,SN15 3PG
5001A0,SN15 3PG
AD75E8,SN15 3PG
649F13,SN15 3PG
4D2A86,SN15 3PG